event,start date,end date,start index,end index,data points,duration (hr),Peak Flux,Fluence
1,1974-07-03 16:15:00,1974-07-09 08:55:00,771,2411,1640,136.66666666666666,2577.297046335558,161017436.47932592
2,1974-09-11 02:00:00,1974-09-17 02:10:00,20760,22490,1730,144.16666666666666,602.8164268459024,69335619.03172228
3,1974-09-19 23:05:00,1974-09-27 10:05:00,23317,25465,2148,179.0,967.2795023554718,43921216.80281649
4,1974-11-05 16:10:00,1974-11-07 01:25:00,36770,37169,399,33.25,77.47544883260052,1866506.9050031344
5,1976-04-30 21:20:00,1976-05-03 00:20:00,192928,193540,612,51.0,304.9726313390398,11426355.76015013
6,1976-08-22 12:55:00,1976-08-23 19:40:00,225659,226028,369,30.75,23.563262974181143,686843.1892395606
7,1977-09-09 03:20:00,1977-09-15 16:35:00,335848,337735,1887,157.25,24.611271333416543,4103967.3526687524
8,1977-09-16 22:15:00,1977-09-22 09:35:00,338091,339667,1576,131.33333333333334,1170.3230437688435,76063221.68770353
9,1977-09-24 06:15:00,1977-09-27 10:15:00,340203,341115,912,76.0,314.6667022967588,17104923.66586323
10,1977-10-12 04:10:00,1977-10-13 07:10:00,345362,345686,324,27.0,15.951402442023364,442663.7065660343
11,1977-11-22 10:20:00,1977-11-26 02:25:00,357244,358301,1057,88.08333333333333,875.0726177908989,44693579.047332674
12,1978-01-03 12:15:00,1978-01-04 12:45:00,369363,369657,294,24.5,45.038127041869785,912749.2210382071
13,1978-02-13 08:15:00,1978-02-18 21:45:00,381123,382725,1602,133.5,4707.6462627378505,361736241.2604587
14,1978-04-11 14:40:00,1978-04-14 21:00:00,397616,398556,940,78.33333333333333,232.55072512698268,11357326.420228688
15,1978-04-17 07:55:00,1978-04-18 12:15:00,399263,399603,340,28.333333333333332,15.19067841070937,671479.6319843085
16,1978-04-20 01:55:00,1978-05-05 12:10:00,400055,404498,4443,370.25,4541.438780842537,454076826.2971786
17,1978-05-06 15:25:00,1978-05-09 19:15:00,404825,405735,910,75.83333333333333,585.3567849047656,16414292.726983259
18,1978-05-31 12:30:00,1978-06-02 23:15:00,411990,412695,705,58.75,251.8471503688265,7123183.009103443
19,1978-06-23 08:50:00,1978-06-28 06:30:00,418570,419982,1412,117.66666666666667,236.0265318784175,17031552.317666557
20,1978-07-12 15:45:00,1978-07-15 14:10:00,424125,424970,845,70.41666666666667,143.42610614335683,6701376.957329255
21,1978-09-23 10:35:00,1978-09-29 09:45:00,445087,446805,1718,143.16666666666666,5923.996644804606,586838296.4482427
22,1978-11-10 04:55:00,1978-11-13 13:20:00,458843,459808,965,80.41666666666667,145.83602462391818,9150542.51025263
23,1978-12-12 00:15:00,1978-12-15 12:20:00,468003,469012,1009,84.08333333333333,16.311517942226512,1091713.9542002564
24,1979-02-17 19:15:00,1979-02-20 13:35:00,487527,488323,796,66.33333333333333,122.68198546514198,2665315.8026820263
25,1979-03-02 19:15:00,1979-03-07 03:55:00,491271,492527,1256,104.66666666666667,20.74631912329977,2226599.0052808127
26,1979-04-03 15:20:00,1979-04-06 04:20:00,500440,501172,732,61.0,248.20566543184185,9678137.137251386
27,1979-06-06 18:05:00,1979-06-10 20:05:00,518905,520081,1176,98.0,3165.4120582468427,95671418.73473257
28,1979-07-05 22:30:00,1979-07-09 21:45:00,527310,528453,1143,95.25,192.24249326486327,8092464.439687719
29,1979-08-18 21:40:00,1979-08-30 07:15:00,539972,543255,3283,273.5833333333333,1280.4461743821398,123804717.07265955
30,1979-09-14 22:05:00,1979-09-27 12:35:00,547753,551383,3630,302.5,266.0452506951094,54752893.800605804
31,1979-11-15 23:05:00,1979-11-17 18:00:00,565621,566136,515,42.916666666666664,331.37491906479414,9893924.93522776
32,1980-01-11 07:25:00,1980-01-12 18:20:00,581849,582268,419,34.916666666666664,25.979591941566326,489847.3934301038
33,1980-02-06 03:50:00,1980-02-07 17:45:00,589294,589749,455,37.916666666666664,44.87288964965496,996558.3612067942
34,1980-04-04 16:20:00,1980-04-06 18:55:00,606148,606755,607,50.583333333333336,20.20942119446344,872254.9082555484
35,1980-07-17 20:55:00,1980-07-22 13:40:00,636155,637508,1353,112.75,631.7892615845954,41711836.14150914
36,1980-07-23 19:25:00,1980-07-26 08:40:00,637865,638600,735,61.25,34.75586438743205,1217686.06009833
37,1980-10-15 13:20:00,1980-10-22 18:15:00,661984,664059,2075,172.91666666666666,42.0515517200015,5579695.098194498
38,1980-11-23 20:35:00,1980-11-26 02:40:00,673303,673952,649,54.083333333333336,29.439527243002708,1336318.9966897988
39,1981-03-30 05:00:00,1981-04-05 06:20:00,709692,711436,1744,145.33333333333334,124.51101362543208,7432451.461918043
40,1981-04-10 17:15:00,1981-04-21 04:35:00,713007,716023,3016,251.33333333333334,151.60382935920978,17466765.83626513
41,1981-04-24 14:05:00,1981-05-02 14:30:00,717001,719310,2309,192.41666666666666,503.4608374823746,98753774.95418988
42,1981-05-06 00:50:00,1981-05-20 16:45:00,720298,724521,4223,351.9166666666667,2601.776451964745,161461718.13198504
43,1981-07-20 13:55:00,1981-07-26 14:45:00,742055,743793,1738,144.83333333333334,254.7477405436568,16237805.457336895
44,1981-08-09 15:20:00,1981-08-12 07:35:00,747832,748603,771,64.25,260.83050401565265,4599966.510420769
45,1981-08-22 20:45:00,1981-08-24 10:45:00,751641,752097,456,38.0,25.47920210385408,254842.61255140722
46,1981-10-08 00:45:00,1981-10-21 18:30:00,764937,768894,3957,329.75,5609.955909892761,392288055.4780524
47,1981-11-10 14:00:00,1981-11-12 10:50:00,774600,775138,538,44.833333333333336,37.746880044656,1168689.724443862
48,1981-11-22 21:45:00,1981-11-25 10:05:00,778149,778873,724,60.333333333333336,35.683810945315386,1445565.258622362
49,1981-12-05 19:20:00,1981-12-08 17:55:00,781864,782711,847,70.58333333333333,23.3808155024869,1327388.4447494014
50,1981-12-10 01:30:00,1981-12-13 02:00:00,783090,783960,870,72.5,346.7757203375245,13624976.673028335
51,1981-12-27 14:50:00,1982-01-01 17:20:00,788146,789616,1470,122.5,32.094778903403814,2748880.9830294508
52,1982-01-31 00:10:00,1982-02-09 13:45:00,798050,800805,2755,229.58333333333334,2201.149720116012,254555400.70840698
53,1982-03-07 03:35:00,1982-03-09 16:15:00,808171,808899,728,60.666666666666664,32.93087316106504,1796665.037312663
54,1982-03-30 23:20:00,1982-04-01 06:20:00,815032,815404,372,31.0,16.057961774288703,372479.3934192918
55,1982-06-05 09:00:00,1982-06-16 15:45:00,834156,837405,3249,270.75,55.73876557494217,9375259.789354075
56,1982-07-10 19:30:00,1982-07-20 08:10:00,844362,847106,2744,228.66666666666666,30659.338908251644,353091320.0729606
57,1982-07-22 18:35:00,1982-07-26 13:15:00,847807,848895,1088,90.66666666666667,882.4781412720407,25514220.841776844
58,1982-09-04 15:00:00,1982-09-07 11:20:00,860436,861256,820,68.33333333333333,377.68464446005504,10852424.445398476
59,1982-11-21 21:05:00,1982-11-30 19:55:00,882973,885551,2578,214.83333333333334,580.3809880204562,47215920.52662688
60,1982-12-04 20:30:00,1982-12-22 19:30:00,886710,891882,5172,431.0,2853.7211514705555,170397640.60124385
61,1982-12-26 00:35:00,1982-12-31 14:55:00,892807,894419,1612,134.33333333333334,611.7926429153254,65181263.889020495
62,1983-02-03 16:25:00,1983-02-07 16:35:00,904229,905383,1154,96.16666666666667,2665.1369681801134,39242399.6213254
63,1984-01-31 15:15:00,1984-02-01 20:50:00,1008471,1008826,355,29.583333333333332,20.833056341860253,617607.7011302047
64,1984-02-16 09:00:00,1984-02-25 04:40:00,1013004,1015544,2540,211.66666666666666,419.05995050232497,44429750.07745003
65,1984-03-11 23:05:00,1984-03-18 12:35:00,1020085,1021975,1890,157.5,120.36818826301854,5606292.006962925
66,1984-04-25 09:25:00,1984-05-06 18:30:00,1032881,1036158,3277,273.0833333333333,5724.472251152228,246950989.6567069
67,1984-05-23 20:35:00,1984-05-26 08:20:00,1041079,1041796,717,59.75,137.01216108538907,5829930.049230488
68,1985-04-24 11:20:00,1985-04-28 11:25:00,1137736,1138889,1153,96.08333333333333,633.0471054656417,34859658.224346735
69,1985-07-09 02:20:00,1985-07-10 05:30:00,1159516,1159842,326,27.166666666666668,162.65471031001414,2470742.894341115
70,1986-02-04 09:20:00,1986-02-12 03:05:00,1220080,1222309,2229,185.75,466.4421767398921,37376137.046580404
71,1986-02-14 10:45:00,1986-02-19 08:45:00,1222977,1224393,1416,118.0,470.9412549950876,34752206.72816936
72,1986-03-06 17:50:00,1986-03-07 21:10:00,1228822,1229150,328,27.333333333333332,36.28604118377372,1104192.3174143466
73,1986-05-04 12:25:00,1986-05-05 12:40:00,1245749,1246040,291,24.25,23.300110759893137,579386.3568037599
74,1987-11-07 22:25:00,1987-11-10 17:00:00,1404845,1405644,799,66.58333333333333,276.137719068658,11044452.688970942
75,1987-12-29 22:00:00,1988-01-01 11:40:00,1419816,1420556,740,61.666666666666664,32.3926211116872,1996325.7065788156
76,1988-01-02 22:40:00,1988-01-07 14:10:00,1420976,1422314,1338,111.5,458.5292793103,26266309.17344084
77,1988-06-30 09:55:00,1988-07-01 13:05:00,1472663,1472989,326,27.166666666666668,23.28484280287921,827144.9949074064
78,1988-07-26 16:00:00,1988-07-29 11:25:00,1480224,1481033,809,67.41666666666667,17.396568823600276,1092487.9105337777
79,1988-08-25 04:45:00,1988-08-31 13:55:00,1488729,1490567,1838,153.16666666666666,249.1323060837258,15353912.530570094
80,1988-10-04 21:25:00,1988-10-06 16:05:00,1500449,1500961,512,42.666666666666664,50.14441045834568,2049107.8860726217
81,1988-12-14 13:45:00,1988-12-20 10:00:00,1520805,1522488,1683,140.25,83.79671892307229,6366458.731574709
82,1989-01-04 20:40:00,1989-01-06 15:50:00,1526936,1527454,518,43.166666666666664,87.54952078523286,2456119.581468482
83,1989-03-08 00:35:00,1989-03-21 15:40:00,1544839,1548764,3925,327.0833333333333,27500.22662992626,363531864.5953054
84,1989-03-23 20:05:00,1989-03-26 10:15:00,1549393,1550139,746,62.166666666666664,103.51084284944336,2783886.5743711106
85,1989-04-10 20:35:00,1989-04-18 16:05:00,1554583,1556833,2250,187.5,881.1062170469029,67163966.69831276
86,1989-05-01 13:50:00,1989-05-09 13:15:00,1560550,1562847,2297,191.41666666666666,237.6297018479137,19306029.578369915
87,1989-05-21 00:15:00,1989-05-30 13:05:00,1566147,1568893,2746,228.83333333333334,473.8822595016392,10275179.882263279
88,1989-06-29 20:00:00,1989-07-02 06:50:00,1577616,1578322,706,58.833333333333336,66.49547915107166,2963533.637762866
89,1989-07-25 08:55:00,1989-07-26 21:20:00,1584971,1585408,437,36.416666666666664,42.575389870438045,1806861.0287549654
90,1989-08-12 15:15:00,1989-09-07 04:30:00,1590231,1597590,7359,613.25,8609.84125956216,961028033.3477063
91,1989-09-12 13:05:00,1989-09-19 00:15:00,1599133,1600995,1862,155.16666666666666,80.71437187856175,8217963.57359371
92,1989-09-29 11:45:00,1989-10-14 12:25:00,1604013,1608341,4328,360.6666666666667,3779.6644211922458,430867395.17852014
93,1989-10-19 13:00:00,1989-11-09 20:10:00,1609788,1615922,6134,511.1666666666667,95741.01256424384,3109710448.8930607
94,1989-11-15 07:15:00,1989-11-17 18:05:00,1617495,1618201,706,58.833333333333336,46.79816671420529,2278147.937896619
95,1989-11-27 03:25:00,1989-12-05 10:25:00,1620905,1623293,2388,199.0,9070.569835015853,480937793.4155088
96,1990-02-13 09:20:00,1990-02-14 11:05:00,1643440,1643749,309,25.75,27.885584518679572,681852.4800094003
97,1990-03-19 06:05:00,1990-03-22 01:35:00,1653193,1654003,810,67.5,2239.2392394492786,157016450.21523345
98,1990-03-28 15:55:00,1990-03-30 18:40:00,1655903,1656512,609,50.75,123.49979919428804,4541264.085178022
99,1990-04-07 06:25:00,1990-04-12 13:35:00,1658669,1660195,1526,127.16666666666667,197.36315688701512,11832271.149685567
100,1990-04-16 03:05:00,1990-04-24 01:05:00,1661221,1663501,2280,190.0,53.950854756987546,9906196.781139681
101,1990-04-28 05:00:00,1990-04-29 22:10:00,1664700,1665194,494,41.166666666666664,313.0224365321679,13193653.125024807
102,1990-05-15 19:05:00,1990-06-02 11:45:00,1669765,1674861,5096,424.6666666666667,952.7147198563374,58000561.48661782
103,1990-06-11 22:15:00,1990-06-14 19:55:00,1677579,1678415,836,69.66666666666667,510.1511521344181,23212922.451534037
104,1990-07-13 17:15:00,1990-07-15 05:05:00,1686735,1687165,430,35.833333333333336,82.79194374088586,3224331.185940308
105,1990-07-26 01:10:00,1990-08-07 11:15:00,1690286,1693863,3577,298.0833333333333,794.2989917635678,57616641.957355104
106,1990-08-12 03:40:00,1990-08-17 13:55:00,1695212,1696775,1563,130.25,31.695346811441944,3177510.2439530967
107,1990-08-25 11:25:00,1990-08-27 01:20:00,1699049,1699504,455,37.916666666666664,50.65871778149826,827509.5892793259
108,1991-01-27 10:30:00,1991-02-02 20:25:00,1743678,1745525,1847,153.91666666666666,832.3116382380061,40058379.882730596
109,1991-02-08 09:15:00,1991-02-09 17:20:00,1747119,1747504,385,32.083333333333336,29.712598464530814,1647410.869551771
110,1991-02-25 09:05:00,1991-02-27 03:35:00,1752013,1752523,510,42.5,30.13179394453429,1181096.6048700442
111,1991-03-12 15:00:00,1991-03-18 18:55:00,1756404,1758179,1775,147.91666666666666,23.221742621341864,3062548.540464551
112,1991-03-23 05:55:00,1991-04-11 01:05:00,1759463,1764877,5414,451.1666666666667,81826.01902705878,1272195167.5525043
113,1991-04-22 11:00:00,1991-04-25 15:45:00,1768164,1769085,921,76.75,16.452795368845578,1475014.2410891007
114,1991-05-10 07:55:00,1991-05-15 11:50:00,1773311,1774798,1487,123.91666666666667,745.1240484218447,27825768.042934965
115,1991-05-18 16:45:00,1991-06-23 15:00:00,1775721,1786068,10347,862.25,3831.187296886735,561689759.8541775
116,1991-06-29 15:15:00,1991-07-13 19:35:00,1787799,1791883,4084,340.3333333333333,16358.96742607702,530049057.662902
117,1991-08-25 19:10:00,1991-09-01 06:55:00,1804262,1806131,1869,155.75,998.6553130703136,60029170.621605456
118,1991-09-06 10:00:00,1991-09-08 07:40:00,1807608,1808156,548,45.666666666666664,37.89187922384792,1621777.495847851
119,1991-09-30 05:55:00,1991-10-05 09:55:00,1814471,1815959,1488,124.0,77.07257327238672,6270433.268961576
120,1991-10-28 05:50:00,1991-11-01 03:25:00,1822534,1823657,1123,93.58333333333333,167.1569833941093,4363635.5059978
121,1991-12-26 01:35:00,1991-12-27 14:05:00,1839475,1839913,438,36.5,52.68505044819175,1090513.6040120446
122,1991-12-29 05:05:00,1991-12-30 17:00:00,1840381,1840812,431,35.916666666666664,16.214047410449393,820021.2204642328
123,1992-02-06 21:25:00,1992-02-10 11:30:00,1851809,1852842,1033,86.08333333333333,575.8667763819237,35818588.67333613
124,1992-02-17 10:55:00,1992-02-18 18:05:00,1854851,1855225,374,31.166666666666668,26.877968629564844,504609.0009314284
125,1992-02-25 22:25:00,1992-03-01 08:30:00,1857293,1858566,1273,106.08333333333333,61.67982587446034,3121798.0145276594
126,1992-03-15 06:55:00,1992-03-17 22:55:00,1862579,1863347,768,64.0,36.30507853942811,2008057.0127892005
127,1992-05-08 23:55:00,1992-05-14 05:45:00,1878335,1879845,1510,125.83333333333333,20970.19014575569,267118178.22417822
128,1992-06-25 20:15:00,1992-07-02 06:40:00,1892115,1893968,1853,154.41666666666666,537.2719554976479,40481759.86294511
129,1992-08-05 20:15:00,1992-08-08 19:30:00,1903923,1904778,855,71.25,73.19470462894492,3750759.0614976096
130,1992-10-30 18:40:00,1992-11-08 09:20:00,1928672,1931152,2480,206.66666666666666,3250.310165951207,397463594.2044268
131,1992-11-29 10:50:00,1992-11-30 17:20:00,1937218,1937584,366,30.5,23.995314209005564,570220.0385342618
132,1993-03-04 13:05:00,1993-03-10 10:25:00,1964605,1966301,1696,141.33333333333334,36.34214879625033,4012203.9596703253
133,1993-03-12 18:40:00,1993-03-14 16:10:00,1966976,1967522,546,45.5,81.01791414769727,4024033.6070737317
134,1994-02-20 02:05:00,1994-02-23 01:20:00,2066137,2066992,855,71.25,43778.79119822769,330054981.764426
135,1994-10-19 22:15:00,1994-10-21 13:30:00,2135787,2136258,471,39.25,120.58211281114708,4969009.788558792
136,1995-10-20 07:15:00,1995-10-22 10:50:00,2241015,2241634,619,51.583333333333336,173.16425239101488,5693343.391684752
137,1997-11-04 06:45:00,1997-11-10 19:55:00,2455857,2457743,1886,157.16666666666666,805.1504523412103,64280847.454234205
138,1998-04-20 11:50:00,1998-04-26 07:30:00,2504014,2505690,1676,139.66666666666666,1775.0261359960723,148883028.6973504
139,1998-04-29 23:15:00,1998-05-04 23:35:00,2506743,2508187,1444,120.33333333333333,246.5631314794256,8705943.948521517
140,1998-05-06 08:20:00,1998-05-07 22:35:00,2508580,2509039,459,38.25,226.72660340232332,5306106.7338943165
141,1998-05-09 07:05:00,1998-05-11 03:40:00,2509429,2509964,535,44.583333333333336,24.41027278081622,1233177.2539890907
142,1998-08-22 16:00:00,1998-08-31 19:45:00,2539776,2542413,2637,219.75,2790.848247679525,123539896.52213696
143,1998-09-24 16:55:00,1998-09-27 16:25:00,2549291,2550149,858,71.5,672.096570498721,6631807.216241763
144,1998-09-30 14:15:00,1998-10-04 11:00:00,2550987,2552100,1113,92.75,1849.4655969924172,93548044.87537438
145,1998-11-06 03:30:00,1998-11-08 21:15:00,2561514,2562303,789,65.75,107.3391729111298,7240631.356159432
146,1998-11-14 06:30:00,1998-11-17 13:25:00,2563854,2564801,947,78.91666666666667,472.9461439632468,16296206.447474094
147,1999-01-21 00:30:00,1999-01-25 23:15:00,2583366,2584791,1425,118.75,72.4018283226173,5212567.802203184
148,1999-04-24 15:25:00,1999-04-26 12:30:00,2610329,2610870,541,45.083333333333336,84.84086814739815,3951579.887340891
149,1999-05-04 19:15:00,1999-05-08 13:30:00,2613255,2614338,1083,90.25,102.66976422785358,7632471.811809375
150,1999-06-01 21:05:00,1999-06-07 17:40:00,2621341,2623028,1687,140.58333333333334,177.07387312592158,16830749.94368083
151,1999-06-25 18:30:00,1999-06-26 23:05:00,2628222,2628565,343,28.583333333333332,31.49940335890556,770811.1576951786
152,2000-02-18 06:00:00,2000-02-19 16:55:00,2696616,2697035,419,34.916666666666664,25.706391375689257,604044.6231703096
153,2000-04-04 17:20:00,2000-04-07 23:10:00,2710000,2710934,934,77.83333333333333,322.94247058654804,18720170.523330506
154,2000-06-07 00:40:00,2000-06-13 10:50:00,2728232,2730082,1850,154.16666666666666,881.2680522502142,42992862.659908086
155,2000-06-25 12:55:00,2000-06-27 06:25:00,2733563,2734061,498,41.5,31.961732617468,1101647.1235086953
156,2000-07-12 22:00:00,2000-07-23 20:05:00,2738568,2741713,3145,262.0833333333333,30352.38500531319,1634003825.8399627
157,2000-07-28 02:05:00,2000-07-30 16:20:00,2742937,2743684,747,62.25,42.03474231688776,1324897.8084852966
158,2000-08-12 20:20:00,2000-08-15 11:25:00,2747476,2748233,757,63.083333333333336,97.49363340887312,2381102.565977744
159,2000-09-12 14:00:00,2000-09-18 11:45:00,2756328,2758029,1701,141.75,1099.158305311063,82082915.00130087
160,2000-10-16 08:05:00,2000-10-19 16:35:00,2766049,2767015,966,80.5,27.16077464398896,2487357.5066504637
161,2000-10-25 14:10:00,2000-10-28 22:40:00,2768714,2769680,966,80.5,56.66786176919151,3769913.0769412415
162,2000-10-31 03:10:00,2000-11-04 09:15:00,2770310,2771535,1225,102.08333333333333,27.565048992669062,2043785.2218984787
163,2000-11-08 23:30:00,2000-11-20 21:35:00,2772858,2776291,3433,286.0833333333333,16024.719257052033,1140370008.9689736
164,2000-11-24 06:40:00,2000-12-04 15:00:00,2777264,2780244,2980,248.33333333333334,2016.2645324971943,91289907.07057269
165,2001-01-28 17:35:00,2001-01-31 19:20:00,2796115,2797000,885,73.75,248.8853450747372,12739267.418977669
166,2001-03-26 09:25:00,2001-03-28 06:55:00,2812433,2812979,546,45.5,144.20150390676093,2163911.291402355
167,2001-03-29 12:50:00,2001-04-22 02:40:00,2813338,2820128,6790,565.8333333333334,1338.445706444755,270078850.1662011
168,2001-04-27 01:45:00,2001-04-29 04:55:00,2821557,2822171,614,51.166666666666664,3120.8408967659784,6788377.223760104
169,2001-05-07 13:55:00,2001-05-11 10:10:00,2824583,2825690,1107,92.25,89.75146857473331,6335941.578599442
170,2001-06-15 06:05:00,2001-06-18 17:40:00,2835721,2836724,1003,83.58333333333333,81.05370189898827,4985422.785887468
171,2001-08-09 19:15:00,2001-08-12 11:20:00,2851719,2852488,769,64.08333333333333,83.28423837009505,3923741.0559242056
172,2001-08-16 00:20:00,2001-08-29 11:35:00,2853508,2857387,3879,323.25,651.8335279939408,31436338.0634735
173,2001-09-24 11:35:00,2001-10-13 10:40:00,2864875,2870336,5461,455.0833333333333,24679.463928121266,1079283426.1490958
174,2001-10-19 02:45:00,2001-10-29 07:55:00,2871969,2874911,2942,245.16666666666666,73.27748642793824,7003583.498723769
175,2001-11-04 16:35:00,2001-11-12 18:30:00,2876743,2879070,2327,193.91666666666666,45024.49441886068,1578657520.025775
176,2001-11-17 14:05:00,2001-12-01 12:20:00,2880457,2884468,4011,334.25,42574.085916969,1060193292.7695019
177,2001-12-26 05:45:00,2002-01-18 20:10:00,2891589,2898386,6797,566.4166666666666,997.029519158277,138180450.2157152
178,2002-02-20 06:50:00,2002-02-21 13:50:00,2907730,2908102,372,31.0,18.610494420280645,377876.2877208203
179,2002-03-16 03:05:00,2002-03-25 02:45:00,2914597,2917185,2588,215.66666666666666,345.44295838560566,42287691.08436425
180,2002-04-17 11:20:00,2002-04-29 03:05:00,2923912,2927269,3357,279.75,3811.451021459658,315515607.6990757
181,2002-05-22 07:05:00,2002-05-25 01:35:00,2933941,2934739,798,66.5,5994.839513347767,39954566.41534333
182,2002-07-07 13:05:00,2002-07-11 09:50:00,2947261,2948374,1113,92.75,35.04454734920394,1958651.2151958577
183,2002-07-16 13:00:00,2002-07-31 04:10:00,2949852,2954066,4214,351.1666666666667,1668.9688754828674,69823545.91871949
184,2002-08-14 03:25:00,2002-08-28 00:25:00,2958089,2962085,3996,333.0,558.2880479485422,61926256.76987206
185,2002-09-06 05:30:00,2002-09-10 13:50:00,2964738,2965990,1252,104.33333333333333,1015.6277775613804,12181026.107874013
186,2002-11-09 15:35:00,2002-11-12 15:10:00,2983291,2984150,859,71.58333333333333,1031.6722939968745,29087693.43706869
187,2002-11-25 12:30:00,2002-11-28 12:35:00,2987862,2988727,865,72.08333333333333,61.61583237206303,2303836.0541336252
188,2003-05-28 06:45:00,2003-06-01 13:40:00,3040785,3042020,1235,102.91666666666667,626.9165455227698,21241370.29776759
189,2003-06-18 09:10:00,2003-06-23 05:20:00,3046862,3048256,1394,116.16666666666667,162.0294318579855,14002982.237158652
190,2003-10-22 23:25:00,2003-10-25 00:00:00,3083321,3083904,583,48.583333333333336,208.0439791529932,6505202.738065098
191,2003-10-26 17:55:00,2003-11-12 06:40:00,3084407,3089168,4761,396.75,65944.68136915921,2324006180.2155766
192,2003-11-20 04:50:00,2003-11-25 19:55:00,3091450,3093071,1621,135.08333333333334,81.23781207102303,12521921.546396026
193,2003-12-02 12:30:00,2003-12-06 11:05:00,3094998,3096133,1135,94.58333333333333,544.7841281211017,20554101.74189229
194,2004-04-11 06:15:00,2004-04-12 23:00:00,3132651,3133140,489,40.75,333.5885980925673,13710142.364501199
195,2004-07-23 15:05:00,2004-07-29 11:35:00,3162421,3164107,1686,140.5,11228.574564613666,66147977.27368588
196,2004-07-30 21:35:00,2004-08-02 16:10:00,3164515,3165314,799,66.58333333333333,32.00008584907429,1335338.77737062
197,2004-09-13 12:15:00,2004-09-17 21:05:00,3177363,3178621,1258,104.83333333333333,1972.2851011030295,101954911.51885872
198,2004-09-19 18:10:00,2004-09-21 14:55:00,3179162,3179699,537,44.75,133.71020292289876,4073820.147759608
199,2004-10-30 11:10:00,2004-11-02 21:00:00,3190886,3191868,982,81.83333333333333,91.73908742279151,2825750.9759368994
200,2004-11-07 00:15:00,2004-11-16 23:55:00,3193059,3195935,2876,239.66666666666666,2091.925622574429,165460749.8446058
201,2004-12-03 14:20:00,2004-12-06 19:35:00,3200716,3201643,927,77.25,31.826331174876525,1514831.2130587115
202,2005-01-15 08:20:00,2005-01-24 02:35:00,3213028,3215551,2523,210.25,7622.129773625021,580834470.6782326
203,2005-05-06 06:50:00,2005-05-09 00:20:00,3244978,3245764,786,65.5,32.35311353182799,2810590.5696384762
204,2005-05-13 21:00:00,2005-05-17 20:10:00,3247164,3248306,1142,95.16666666666667,29219.32895645529,207623297.29778022
205,2005-06-16 20:45:00,2005-06-18 18:10:00,3256953,3257498,545,45.416666666666664,66.18457121895976,3368068.9841032703
206,2005-07-13 18:55:00,2005-07-19 17:55:00,3264707,3266423,1716,143.0,282.8310268235337,35928236.680929184
207,2005-07-26 21:05:00,2005-08-04 23:55:00,3268477,3271103,2626,218.83333333333334,225.75642240973,44021588.3836086
208,2005-08-22 03:10:00,2005-08-26 12:05:00,3276038,3277297,1259,104.91666666666667,1361.218469599048,105278159.10339558
209,2005-09-07 21:10:00,2005-09-16 23:00:00,3280862,3283476,2614,217.83333333333334,7499.32645256471,566615918.0147016
210,2006-12-05 16:50:00,2006-12-16 22:25:00,3411562,3414797,3235,269.5833333333333,5657.069862770103,515495953.34474754
211,2011-03-07 22:45:00,2011-03-12 14:45:00,3858897,3860241,1344,112.0,143.228237350274,20575398.39653019
212,2011-03-21 05:00:00,2011-03-23 01:15:00,3862716,3863247,531,44.25,32.849473902427405,1446522.6644977913
213,2011-06-05 19:40:00,2011-06-19 16:25:00,3884780,3888773,3993,332.75,139.67161165146237,16141402.6047754
214,2011-08-04 04:25:00,2011-08-10 19:25:00,3901877,3903785,1908,159.0,724.0097171689753,31527705.473320886
215,2011-09-23 00:35:00,2011-09-30 05:50:00,3916231,3918310,2079,173.25,233.9360432652295,26110589.35401568
216,2011-10-22 16:35:00,2011-10-26 12:35:00,3924775,3925879,1104,92.0,211.8133564743509,15039607.551632596
217,2011-11-26 08:15:00,2011-11-30 08:40:00,3934755,3935912,1157,96.41666666666667,461.6136623475044,36203171.95121153
218,2012-01-20 08:20:00,2012-02-03 07:15:00,3950596,3954615,4019,334.9166666666667,17679.762623760165,891531869.3170123
219,2012-02-24 23:40:00,2012-02-27 23:10:00,3960860,3961718,858,71.5,201.7706909382864,13306645.520976469
220,2012-03-05 00:40:00,2012-03-17 01:50:00,3963464,3966934,3470,289.1666666666667,22832.915371848776,765148822.2355502
221,2012-05-17 01:45:00,2012-05-20 22:20:00,3984501,3985612,1111,92.58333333333333,529.1255683990493,22337629.72572416
222,2012-05-26 23:50:00,2012-05-29 16:00:00,3987358,3988128,770,64.16666666666667,78.09535103584285,3454634.067545675
223,2012-06-15 20:55:00,2012-06-18 04:15:00,3993083,3993747,664,55.333333333333336,199.28972656390067,3749825.7527663996
224,2012-07-07 00:40:00,2012-07-11 10:10:00,3999176,4000442,1266,105.5,48.87934365732314,6169630.525576182
225,2012-07-12 17:25:00,2012-07-30 23:20:00,4000817,4006072,5255,437.9166666666667,2037.5097674112064,80235615.0878535
226,2012-09-01 01:35:00,2012-09-05 15:55:00,4015315,4016639,1324,110.33333333333333,575.873927188933,54539036.18178141
227,2012-09-26 14:55:00,2012-10-01 14:45:00,4022675,4024113,1438,119.83333333333333,47.100654211887935,2948936.8442853326
228,2012-12-14 09:35:00,2012-12-17 09:50:00,4045363,4046230,867,72.25,383.5840168381547,11052392.896015877
229,2013-03-15 19:35:00,2013-03-18 14:00:00,4071691,4072488,797,66.41666666666667,294.24579728735,10866073.394825673
230,2013-04-11 08:20:00,2013-04-15 02:45:00,4079332,4080417,1085,90.41666666666667,185.93565593648236,12075766.162402838
231,2013-05-14 02:45:00,2013-05-26 09:30:00,4088769,4092306,3537,294.75,3069.1728177084383,223896831.58880433
232,2013-06-21 17:30:00,2013-06-26 14:55:00,4099890,4101299,1409,117.41666666666667,88.52507169800685,7309909.692478681
233,2013-09-30 01:00:00,2013-10-03 14:55:00,4128780,4129811,1031,85.91666666666667,1498.534708970607,104953665.55704148
234,2013-10-27 18:00:00,2013-10-31 16:05:00,4136760,4137889,1129,94.08333333333333,17.856360625825094,2211807.9781654202
235,2013-11-05 18:50:00,2013-11-12 00:10:00,4139362,4141154,1792,149.33333333333334,26.95528780193678,1785671.8119437583
236,2013-12-14 00:50:00,2013-12-15 15:55:00,4150378,4150847,469,39.083333333333336,15.420854111704458,726506.6430055717
237,2013-12-26 13:35:00,2013-12-30 18:40:00,4153987,4155200,1213,101.08333333333333,63.75578735818012,2633287.14128858
238,2014-01-06 05:00:00,2014-01-14 12:20:00,4157052,4159444,2392,199.33333333333334,3747.9283158252215,270333781.38888985
239,2014-02-18 10:55:00,2014-02-21 05:05:00,4169507,4170301,794,66.16666666666667,126.82402225648914,3316943.907251349
240,2014-02-25 04:40:00,2014-03-06 19:30:00,4171448,4174218,2770,230.83333333333334,382.6147086552396,62707585.77235087
241,2014-03-25 03:45:00,2014-03-26 14:45:00,4179501,4179921,420,35.0,20.87066908984871,664063.2480302409
242,2014-04-18 13:35:00,2014-04-21 16:55:00,4186531,4187435,904,75.33333333333333,1037.8513050653612,36923226.748305716
243,2014-09-02 00:15:00,2014-09-14 08:20:00,4225827,4229380,3553,296.0833333333333,2193.788411468069,33395954.806546066
244,2014-11-01 17:15:00,2014-11-05 14:35:00,4243311,4244431,1120,93.33333333333333,48.84855740997394,4891922.296943464
245,2014-12-21 01:10:00,2014-12-24 12:35:00,4257518,4258519,1001,83.41666666666667,209.92348449761,2674234.727664727
246,2015-03-15 03:55:00,2015-03-17 22:15:00,4281743,4282539,796,66.33333333333333,410.2654197011439,13099625.881812409
247,2015-06-18 04:35:00,2015-07-03 15:55:00,4309111,4313567,4456,371.3333333333333,9570.949489266724,207170057.7283213
248,2015-10-22 16:10:00,2015-10-24 05:00:00,4345538,4345980,442,36.833333333333336,22.16082347106066,865691.9504259669
249,2015-10-29 03:10:00,2015-10-31 02:30:00,4347398,4347966,568,47.333333333333336,36.7784233720032,1681853.530229378
250,2015-12-28 18:00:00,2015-12-31 16:05:00,4364856,4365697,841,70.08333333333333,26.668777310280465,1379487.7963296578
251,2016-01-02 00:10:00,2016-01-03 23:35:00,4366082,4366651,569,47.416666666666664,95.42061945776352,3291426.7721240674
252,2016-05-15 18:45:00,2016-05-17 00:55:00,4404897,4405259,362,30.166666666666668,16.0230105642132,351848.8563952785
253,2017-07-14 03:50:00,2017-07-16 17:25:00,4527118,4527857,739,61.583333333333336,147.31380325249464,11079644.483155988
254,2017-09-04 22:30:00,2017-09-16 14:20:00,4542318,4545676,3358,279.8333333333333,3583.226648690482,439171057.60069025
